{"cameraMode":{"drawMode":0,"name":"Shaded","section":"Shading Mode"},"sceneLighting":false,"audioPlay":false,"sceneViewState":{"m_AlwaysRefresh":false,"showFog":false,"showSkybox":false,"showFlares":false,"showImageEffects":false,"showParticleSystems":false,"showVisualEffectGraphs":false,"m_FxEnabled":true},"in2DMode":false,"pivot":{"x":-0.08551773428916931,"y":-0.2357478141784668,"z":-2.526109457015991},"rotation":{"x":0.0005463015986606479,"y":-0.990074872970581,"z":0.14053310453891755,"w":0.00385997979901731},"size":2.9288227558135988,"orthographic":false}