{"cameraMode":{"drawMode":0,"name":"Shaded","section":"Shading Mode"},"sceneLighting":true,"audioPlay":true,"sceneViewState":{"m_AlwaysRefresh":false,"showFog":false,"showSkybox":false,"showFlares":false,"showImageEffects":false,"showParticleSystems":false,"showVisualEffectGraphs":false,"m_FxEnabled":true},"in2DMode":false,"pivot":{"x":-6.167630195617676,"y":57.64494705200195,"z":-27.126068115234376},"rotation":{"x":-0.0004754186957143247,"y":0.9978079795837402,"z":-0.06595126539468765,"w":-0.007168614771217108},"size":144.61410522460938,"orthographic":false}