{"cameraMode":{"drawMode":0,"name":"Shaded","section":"Shading Mode"},"sceneLighting":true,"audioPlay":false,"sceneViewState":{"m_AlwaysRefresh":false,"showFog":false,"showSkybox":false,"showFlares":false,"showImageEffects":false,"showParticleSystems":false,"showVisualEffectGraphs":false,"m_FxEnabled":true},"in2DMode":false,"pivot":{"x":1.0447354316711426,"y":-3.5452089309692385,"z":15.958126068115235},"rotation":{"x":-0.17900775372982026,"y":-0.015933454036712648,"z":0.0029013031162321569,"w":-0.9837218523025513},"size":9.805547714233399,"orthographic":false}