{"cameraMode":{"drawMode":0,"name":"Shaded","section":"Shading Mode"},"sceneLighting":true,"audioPlay":false,"sceneViewState":{"m_AlwaysRefresh":false,"showFog":false,"showSkybox":false,"showFlares":false,"showImageEffects":false,"showParticleSystems":false,"showVisualEffectGraphs":false,"m_FxEnabled":true},"in2DMode":false,"pivot":{"x":6.138748645782471,"y":2.367793560028076,"z":-2.2826733589172365},"rotation":{"x":-0.17015212774276734,"y":-0.014481840655207634,"z":0.0024969885125756265,"w":-0.9853235483169556},"size":5.694882392883301,"orthographic":false}