{"cameraMode":{"drawMode":0,"name":"Shaded","section":"Shading Mode"},"sceneLighting":true,"audioPlay":false,"sceneViewState":{"m_AlwaysRefresh":false,"showFog":false,"showSkybox":false,"showFlares":false,"showImageEffects":false,"showParticleSystems":false,"showVisualEffectGraphs":false,"m_FxEnabled":true},"in2DMode":false,"pivot":{"x":-0.12595915794372559,"y":0.5605614185333252,"z":-1.1931023597717286},"rotation":{"x":-0.0763990730047226,"y":0.9218589663505554,"z":-0.23735322058200837,"w":-0.29670706391334536},"size":3.8449695110321047,"orthographic":true}