{"cameraMode":{"drawMode":0,"name":"Shaded","section":"Shading Mode"},"sceneLighting":true,"audioPlay":false,"sceneViewState":{"m_AlwaysRefresh":false,"showFog":false,"showSkybox":false,"showFlares":false,"showImageEffects":false,"showParticleSystems":false,"showVisualEffectGraphs":false,"m_FxEnabled":true},"in2DMode":false,"pivot":{"x":0.472030371427536,"y":1.2718236446380616,"z":1.8124489784240723},"rotation":{"x":-0.061461325734853747,"y":0.0006013204692862928,"z":0.00003667475903057493,"w":0.998112678527832},"size":3.028200387954712,"orthographic":false}